"title","image","price","link"
"Pikarick Shirt","http://cdn.shopify.com/s/files/1/2652/6224/products/1_e56822be-9ea7-4e87-86ce-a0095b9780e2_900x.jpg?v=1559822323","$28.95","https://99shirt.com/products/pikarick-shirt?_pos=1&_sid=3d09bd14a&_ss=r,/products/pikarick-shirt?_pos=1&_sid=3d09bd14a&_ss=r,/products/pikarick-shirt?_pos=1&_sid=3d09bd14a&_ss=r"
"Pikapool Shirt","http://cdn.shopify.com/s/files/1/2652/6224/products/1_189c42d7-09af-4a8a-8285-4b71adf4894b_900x.jpg?v=1559823348","$28.95","https://99shirt.com/products/pikapool-shirt?_pos=2&_sid=3d09bd14a&_ss=r,/products/pikapool-shirt?_pos=2&_sid=3d09bd14a&_ss=r,/products/pikapool-shirt?_pos=2&_sid=3d09bd14a&_ss=r"
"Monster Shirt","http://cdn.shopify.com/s/files/1/2652/6224/products/1_ec052deb-f3b8-476b-b35e-d473ad0d9d87_900x.jpg?v=1538916815","$28.95","https://99shirt.com/products/monster-shirt?_pos=3&_sid=3d09bd14a&_ss=r,/products/monster-shirt?_pos=3&_sid=3d09bd14a&_ss=r,/products/monster-shirt?_pos=3&_sid=3d09bd14a&_ss=r"
"Toyoda Shirt","http://cdn.shopify.com/s/files/1/2652/6224/products/1_e69acd02-9197-46ef-ba32-2e264f0beb8e_900x.jpg?v=1538303341","$28.95","https://99shirt.com/products/toyoda-shirt?_pos=4&_sid=3d09bd14a&_ss=r,/products/toyoda-shirt?_pos=4&_sid=3d09bd14a&_ss=r,/products/toyoda-shirt?_pos=4&_sid=3d09bd14a&_ss=r"
"Mickey Shirt","http://cdn.shopify.com/s/files/1/2652/6224/products/1_178fcb1d-aac8-4640-9102-7018f96b4fa8_900x.jpg?v=1537962474","$28.95","https://99shirt.com/products/mickey-shirt?_pos=5&_sid=3d09bd14a&_ss=r,/products/mickey-shirt?_pos=5&_sid=3d09bd14a&_ss=r,/products/mickey-shirt?_pos=5&_sid=3d09bd14a&_ss=r"
"Marvel Shirt","http://cdn.shopify.com/s/files/1/2652/6224/products/1_c3fc463a-c84a-4ce3-b2fc-8944c97886cd_900x.jpg?v=1537697397","$28.95","https://99shirt.com/products/marvel-shirt?_pos=6&_sid=3d09bd14a&_ss=r,/products/marvel-shirt?_pos=6&_sid=3d09bd14a&_ss=r,/products/marvel-shirt?_pos=6&_sid=3d09bd14a&_ss=r"
"Cat Shirt","http://cdn.shopify.com/s/files/1/2652/6224/products/1_a6132db3-6273-4b3d-8138-968fa378b9c2_900x.jpg?v=1537505282","$28.95","https://99shirt.com/products/cat-shirt?_pos=7&_sid=3d09bd14a&_ss=r,/products/cat-shirt?_pos=7&_sid=3d09bd14a&_ss=r,/products/cat-shirt?_pos=7&_sid=3d09bd14a&_ss=r"
"Mario Shirt","http://cdn.shopify.com/s/files/1/2652/6224/products/1_d26c3ffb-8652-44ec-856d-3fbd94e91a89_900x.jpg?v=1537360125","$28.95","https://99shirt.com/products/mario-shirt?_pos=8&_sid=3d09bd14a&_ss=r,/products/mario-shirt?_pos=8&_sid=3d09bd14a&_ss=r,/products/mario-shirt?_pos=8&_sid=3d09bd14a&_ss=r"
"Elephant Shirt","http://cdn.shopify.com/s/files/1/2652/6224/products/1_70fff274-f55c-43b6-afa7-e4b03d76fef7_900x.jpg?v=1537176872","$28.95","https://99shirt.com/products/80?_pos=9&_sid=3d09bd14a&_ss=r,/products/80?_pos=9&_sid=3d09bd14a&_ss=r,/products/80?_pos=9&_sid=3d09bd14a&_ss=r"
"Pain Shirt","http://cdn.shopify.com/s/files/1/2652/6224/products/1_22a26586-4714-43a7-be86-dd3ef78a20cd_900x.jpg?v=1537085034","$28.95","https://99shirt.com/products/pain-shirt?_pos=10&_sid=3d09bd14a&_ss=r,/products/pain-shirt?_pos=10&_sid=3d09bd14a&_ss=r,/products/pain-shirt?_pos=10&_sid=3d09bd14a&_ss=r"
"Female Shirt","http://cdn.shopify.com/s/files/1/2652/6224/products/1_efe0adf6-9d8e-4339-8118-859b00c5eacd_900x.jpg?v=1537071263","$28.95","https://99shirt.com/products/female-shirt?_pos=11&_sid=3d09bd14a&_ss=r,/products/female-shirt?_pos=11&_sid=3d09bd14a&_ss=r,/products/female-shirt?_pos=11&_sid=3d09bd14a&_ss=r"
"Evans Shirt","http://cdn.shopify.com/s/files/1/2652/6224/products/1_3e3ea935-ce15-4845-be98-2a751aea463f_900x.jpg?v=1535199699","$28.95","https://99shirt.com/products/evans-shirt?_pos=12&_sid=3d09bd14a&_ss=r,/products/evans-shirt?_pos=12&_sid=3d09bd14a&_ss=r,/products/evans-shirt?_pos=12&_sid=3d09bd14a&_ss=r"
"Sesshomaru Shirt","http://cdn.shopify.com/s/files/1/2652/6224/products/1_bb339d28-f848-4c53-a304-bd852f8e1c93_900x.jpg?v=1535194765","$28.95","https://99shirt.com/products/sesshomaru-shirt?_pos=13&_sid=3d09bd14a&_ss=r,/products/sesshomaru-shirt?_pos=13&_sid=3d09bd14a&_ss=r,/products/sesshomaru-shirt?_pos=13&_sid=3d09bd14a&_ss=r"
"Inuyasha Shirt","http://cdn.shopify.com/s/files/1/2652/6224/products/1_336a894e-b770-46ce-8428-4350264e9188_900x.jpg?v=1536387996","$28.95","https://99shirt.com/products/inuyasha-shirt?_pos=14&_sid=3d09bd14a&_ss=r,/products/inuyasha-shirt?_pos=14&_sid=3d09bd14a&_ss=r,/products/inuyasha-shirt?_pos=14&_sid=3d09bd14a&_ss=r"
"Boruto Shirt","http://cdn.shopify.com/s/files/1/2652/6224/products/1_89d81696-3a2a-4c12-ac85-54cf674c4284_900x.jpg?v=1535076591","$28.95","https://99shirt.com/products/boruto-shirt?_pos=15&_sid=3d09bd14a&_ss=r,/products/boruto-shirt?_pos=15&_sid=3d09bd14a&_ss=r,/products/boruto-shirt?_pos=15&_sid=3d09bd14a&_ss=r"
"Rick Shirt","http://cdn.shopify.com/s/files/1/2652/6224/products/1_1876ae39-fbf8-4ad0-9f9d-c9df44d35960_900x.jpg?v=1538220347","$28.95","https://99shirt.com/products/rick-shirt?_pos=16&_sid=3d09bd14a&_ss=r,/products/rick-shirt?_pos=16&_sid=3d09bd14a&_ss=r,/products/rick-shirt?_pos=16&_sid=3d09bd14a&_ss=r"
"Maka Shirt","http://cdn.shopify.com/s/files/1/2652/6224/products/1_af7a99bf-270a-473b-a9c5-4f19aa33d161_900x.jpg?v=1537677553","$28.95","https://99shirt.com/products/maka-shirt?_pos=17&_sid=3d09bd14a&_ss=r,/products/maka-shirt?_pos=17&_sid=3d09bd14a&_ss=r,/products/maka-shirt?_pos=17&_sid=3d09bd14a&_ss=r"
"Luffy Shirt","http://cdn.shopify.com/s/files/1/2652/6224/products/1_1c1b3d70-0ae3-441e-82f6-1b45047b06d5_900x.jpg?v=1537505531","$28.95","https://99shirt.com/products/luffy-shirt?_pos=18&_sid=3d09bd14a&_ss=r,/products/luffy-shirt?_pos=18&_sid=3d09bd14a&_ss=r,/products/luffy-shirt?_pos=18&_sid=3d09bd14a&_ss=r"
"Yoda Shirt","http://cdn.shopify.com/s/files/1/2652/6224/products/1_6b2926ac-e129-4fa7-abd9-78cb90d41bcf_900x.jpg?v=1537360980","$28.95","https://99shirt.com/products/yoda-shirt?_pos=19&_sid=3d09bd14a&_ss=r,/products/yoda-shirt?_pos=19&_sid=3d09bd14a&_ss=r,/products/yoda-shirt?_pos=19&_sid=3d09bd14a&_ss=r"
"Zazu Shirt","http://cdn.shopify.com/s/files/1/2652/6224/products/1_898be405-5090-4cbf-afe9-c8095b76c80e_900x.jpg?v=1537072075","$28.95","https://99shirt.com/products/64?_pos=20&_sid=3d09bd14a&_ss=r,/products/64?_pos=20&_sid=3d09bd14a&_ss=r,/products/64?_pos=20&_sid=3d09bd14a&_ss=r"
"Heroes Shirt","http://cdn.shopify.com/s/files/1/2652/6224/products/1_2849cfc5-153c-4523-8142-6bc16abbcd4a_900x.jpg?v=1536757654","$28.95","https://99shirt.com/products/heroes-shirt?_pos=21&_sid=3d09bd14a&_ss=r,/products/heroes-shirt?_pos=21&_sid=3d09bd14a&_ss=r,/products/heroes-shirt?_pos=21&_sid=3d09bd14a&_ss=r"
"Chopper Shirt","http://cdn.shopify.com/s/files/1/2652/6224/products/1_443b32b9-fad3-4c9a-9bee-a7d7ef5d3a5f_900x.jpg?v=1536756760","$28.95","https://99shirt.com/products/chopper-shirt?_pos=22&_sid=3d09bd14a&_ss=r,/products/chopper-shirt?_pos=22&_sid=3d09bd14a&_ss=r,/products/chopper-shirt?_pos=22&_sid=3d09bd14a&_ss=r"
"Eve Shirt","http://cdn.shopify.com/s/files/1/2652/6224/products/1_6d82ace9-89b6-47d4-9eea-81f1588e0fe9_900x.jpg?v=1536755809","$28.95","https://99shirt.com/products/eve-shirt?_pos=23&_sid=3d09bd14a&_ss=r,/products/eve-shirt?_pos=23&_sid=3d09bd14a&_ss=r,/products/eve-shirt?_pos=23&_sid=3d09bd14a&_ss=r"
"Bulma Shirt","http://cdn.shopify.com/s/files/1/2652/6224/products/1_13c8991f-5b4a-46c6-a77e-f4e096dbf5fc_900x.jpg?v=1536755430","$28.95","https://99shirt.com/products/bulma-shirt?_pos=24&_sid=3d09bd14a&_ss=r,/products/bulma-shirt?_pos=24&_sid=3d09bd14a&_ss=r,/products/bulma-shirt?_pos=24&_sid=3d09bd14a&_ss=r"
"Madara Shirt","http://cdn.shopify.com/s/files/1/2652/6224/products/1_ad241b57-d9a0-477d-8b8b-c5f24097d736_900x.jpg?v=1536407339","$28.95","https://99shirt.com/products/madara-shirt?_pos=25&_sid=3d09bd14a&_ss=r,/products/madara-shirt?_pos=25&_sid=3d09bd14a&_ss=r,/products/madara-shirt?_pos=25&_sid=3d09bd14a&_ss=r"
"Natsu Shirt","http://cdn.shopify.com/s/files/1/2652/6224/products/1_9b83d90b-4e3d-4c82-841e-9ec094bd52db_900x.jpg?v=1535369039","$28.95","https://99shirt.com/products/natsu-shirt?_pos=26&_sid=3d09bd14a&_ss=r,/products/natsu-shirt?_pos=26&_sid=3d09bd14a&_ss=r,/products/natsu-shirt?_pos=26&_sid=3d09bd14a&_ss=r"
"Happy Shirt","http://cdn.shopify.com/s/files/1/2652/6224/products/1_8832d3fe-c42b-4cec-a740-3d806ebdb618_900x.jpg?v=1535368270","$28.95","https://99shirt.com/products/happy-shirt?_pos=27&_sid=3d09bd14a&_ss=r,/products/happy-shirt?_pos=27&_sid=3d09bd14a&_ss=r,/products/happy-shirt?_pos=27&_sid=3d09bd14a&_ss=r"
"Death Shirt","http://cdn.shopify.com/s/files/1/2652/6224/products/1_94b192eb-156e-4276-83f4-4938e23ae952_900x.jpg?v=1536386633","$28.95","https://99shirt.com/products/death-shirt?_pos=28&_sid=3d09bd14a&_ss=r,/products/death-shirt?_pos=28&_sid=3d09bd14a&_ss=r,/products/death-shirt?_pos=28&_sid=3d09bd14a&_ss=r"
"Crona Shirt","http://cdn.shopify.com/s/files/1/2652/6224/products/1_91819532-f41f-4340-afea-7c9aa678baf0_900x.jpg?v=1536385597","$28.95","https://99shirt.com/products/crona-shirt?_pos=29&_sid=3d09bd14a&_ss=r,/products/crona-shirt?_pos=29&_sid=3d09bd14a&_ss=r,/products/crona-shirt?_pos=29&_sid=3d09bd14a&_ss=r"
"Christmas Shirt","http://cdn.shopify.com/s/files/1/2652/6224/products/1_1079a125-9967-4ca9-ba99-99734d36c9ab_900x.jpg?v=1544436565","$28.95","https://99shirt.com/products/christmas-shirt?_pos=30&_sid=3d09bd14a&_ss=r,/products/christmas-shirt?_pos=30&_sid=3d09bd14a&_ss=r,/products/christmas-shirt?_pos=30&_sid=3d09bd14a&_ss=r"
"Mermaid Shirt","http://cdn.shopify.com/s/files/1/2652/6224/products/1_5205699f-421c-41e7-a597-d6dacd495bf4_900x.jpg?v=1542419585","$28.95","https://99shirt.com/products/mermaid-shirt?_pos=31&_sid=3d09bd14a&_ss=r,/products/mermaid-shirt?_pos=31&_sid=3d09bd14a&_ss=r,/products/mermaid-shirt?_pos=31&_sid=3d09bd14a&_ss=r"
"Charizard Shirt","http://cdn.shopify.com/s/files/1/2652/6224/products/3_b87ed74c-8f93-4cd6-aecc-2f9379f822a7_900x.jpg?v=1540554537","$28.95","https://99shirt.com/products/charizard-shirt?_pos=32&_sid=3d09bd14a&_ss=r,/products/charizard-shirt?_pos=32&_sid=3d09bd14a&_ss=r,/products/charizard-shirt?_pos=32&_sid=3d09bd14a&_ss=r"
"Pikachu Shirt","http://cdn.shopify.com/s/files/1/2652/6224/products/1_62463adc-c0e9-402d-beb3-cb3fb544ce8d_900x.jpg?v=1539836324","$28.95","https://99shirt.com/products/pikachu-shirt?_pos=33&_sid=3d09bd14a&_ss=r,/products/pikachu-shirt?_pos=33&_sid=3d09bd14a&_ss=r,/products/pikachu-shirt?_pos=33&_sid=3d09bd14a&_ss=r"
"Piglet Shirt","http://cdn.shopify.com/s/files/1/2652/6224/products/1_18a63b01-8fb2-4e4e-8e67-9b63215c419d_900x.jpg?v=1537697156","$28.95","https://99shirt.com/products/piglet-shirt?_pos=34&_sid=3d09bd14a&_ss=r,/products/piglet-shirt?_pos=34&_sid=3d09bd14a&_ss=r,/products/piglet-shirt?_pos=34&_sid=3d09bd14a&_ss=r"
"Tigger Shirt","http://cdn.shopify.com/s/files/1/2652/6224/products/1_3ca59349-def0-450b-a122-ebe7406c9859_900x.jpg?v=1537360353","$28.95","https://99shirt.com/products/tigger-shirt?_pos=35&_sid=3d09bd14a&_ss=r,/products/tigger-shirt?_pos=35&_sid=3d09bd14a&_ss=r,/products/tigger-shirt?_pos=35&_sid=3d09bd14a&_ss=r"
"Pooh Shirt","http://cdn.shopify.com/s/files/1/2652/6224/products/1_0f604841-ea40-4316-841d-50e1e77e57fb_900x.jpg?v=1537066480","$28.95","https://99shirt.com/products/pooh-shirt?_pos=36&_sid=3d09bd14a&_ss=r,/products/pooh-shirt?_pos=36&_sid=3d09bd14a&_ss=r,/products/pooh-shirt?_pos=36&_sid=3d09bd14a&_ss=r"
"Itachi Shirt","http://cdn.shopify.com/s/files/1/2652/6224/products/1_c9bdd407-01fa-4bad-b390-ce188dd0d1ea_900x.jpg?v=1536389402","$28.95","https://99shirt.com/products/itachi-shirt?_pos=37&_sid=3d09bd14a&_ss=r,/products/itachi-shirt?_pos=37&_sid=3d09bd14a&_ss=r,/products/itachi-shirt?_pos=37&_sid=3d09bd14a&_ss=r"
"Kakashi Shirt","http://cdn.shopify.com/s/files/1/2652/6224/products/a_a884d21b-8cdf-459a-b4a1-642413f1b133_900x.jpg?v=1536391021","$28.95","https://99shirt.com/products/kakashi-shirt?_pos=38&_sid=3d09bd14a&_ss=r,/products/kakashi-shirt?_pos=38&_sid=3d09bd14a&_ss=r,/products/kakashi-shirt?_pos=38&_sid=3d09bd14a&_ss=r"
"Shikamaru Shirt","http://cdn.shopify.com/s/files/1/2652/6224/products/1_3e4459cb-7840-47ee-ad2f-37194422e252_900x.jpg?v=1535780818","$28.95","https://99shirt.com/products/shikamaru-shirt?_pos=39&_sid=3d09bd14a&_ss=r,/products/shikamaru-shirt?_pos=39&_sid=3d09bd14a&_ss=r,/products/shikamaru-shirt?_pos=39&_sid=3d09bd14a&_ss=r"
"Naruto Shirt","http://cdn.shopify.com/s/files/1/2652/6224/products/1_24b3fa3c-2bf0-4fb0-991b-887add7cef62_900x.jpg?v=1534508543","$28.95","https://99shirt.com/products/naruto-shirt?_pos=40&_sid=3d09bd14a&_ss=r,/products/naruto-shirt?_pos=40&_sid=3d09bd14a&_ss=r,/products/naruto-shirt?_pos=40&_sid=3d09bd14a&_ss=r"
"Akatsuki Shirt","http://cdn.shopify.com/s/files/1/2652/6224/products/1_35cff3ae-cc8e-4629-8c23-1140fa6f0c26_900x.jpg?v=1536384879","$28.95","https://99shirt.com/products/akatsuki-shirt?_pos=41&_sid=3d09bd14a&_ss=r,/products/akatsuki-shirt?_pos=41&_sid=3d09bd14a&_ss=r,/products/akatsuki-shirt?_pos=41&_sid=3d09bd14a&_ss=r"
"Bart Shirt","http://cdn.shopify.com/s/files/1/2652/6224/products/1_7cdbc6ff-74ad-45b4-8987-82744b3c1d36_900x.jpg?v=1545381214","$28.95","https://99shirt.com/products/bart-shirt?_pos=42&_sid=3d09bd14a&_ss=r,/products/bart-shirt?_pos=42&_sid=3d09bd14a&_ss=r,/products/bart-shirt?_pos=42&_sid=3d09bd14a&_ss=r"
"Shenron Shirt","http://cdn.shopify.com/s/files/1/2652/6224/products/1_1ff4ee18-23d3-4a64-8412-1758fec8f50e_900x.jpg?v=1542365580","$28.95","https://99shirt.com/products/shenron-shirt?_pos=43&_sid=3d09bd14a&_ss=r,/products/shenron-shirt?_pos=43&_sid=3d09bd14a&_ss=r,/products/shenron-shirt?_pos=43&_sid=3d09bd14a&_ss=r"
"Gaston Shirt","http://cdn.shopify.com/s/files/1/2652/6224/products/1_4610fc3b-9e8b-4f10-a1b6-122878bb8ddf_900x.jpg?v=1537174282","$28.95","https://99shirt.com/products/gaston-shirt?_pos=44&_sid=3d09bd14a&_ss=r,/products/gaston-shirt?_pos=44&_sid=3d09bd14a&_ss=r,/products/gaston-shirt?_pos=44&_sid=3d09bd14a&_ss=r"
"Vegito Shirt","http://cdn.shopify.com/s/files/1/2652/6224/products/1_2bc44e6d-137b-4ee8-96e3-4ea03f195454_900x.jpg?v=1535782328","$28.95","https://99shirt.com/products/vegito-shirt?_pos=45&_sid=3d09bd14a&_ss=r,/products/vegito-shirt?_pos=45&_sid=3d09bd14a&_ss=r,/products/vegito-shirt?_pos=45&_sid=3d09bd14a&_ss=r"
"Gotenks Shirt","http://cdn.shopify.com/s/files/1/2652/6224/products/1_86abeb3d-0335-4875-8312-44ffb809e1d3_900x.jpg?v=1533967279","$28.95","https://99shirt.com/products/gotenks-shirt?_pos=46&_sid=3d09bd14a&_ss=r,/products/gotenks-shirt?_pos=46&_sid=3d09bd14a&_ss=r,/products/gotenks-shirt?_pos=46&_sid=3d09bd14a&_ss=r"
"Vegeta Shirt","http://cdn.shopify.com/s/files/1/2652/6224/products/1_951b6326-f714-4ca1-b79a-e1b843c8c501_900x.jpg?v=1535782152","$28.95","https://99shirt.com/products/vegeta-shirt?_pos=47&_sid=3d09bd14a&_ss=r,/products/vegeta-shirt?_pos=47&_sid=3d09bd14a&_ss=r,/products/vegeta-shirt?_pos=47&_sid=3d09bd14a&_ss=r"
"Goku Shirt","http://cdn.shopify.com/s/files/1/2652/6224/products/a_ad383d91-0f01-4c89-acca-814fb8eb0030_900x.jpg?v=1533966253","$28.95","https://99shirt.com/products/goku-shirt?_pos=48&_sid=3d09bd14a&_ss=r,/products/goku-shirt?_pos=48&_sid=3d09bd14a&_ss=r,/products/goku-shirt?_pos=48&_sid=3d09bd14a&_ss=r""title","image","price","link"
"Bad Ending Jealous Seat Covers","http://cdn.shopify.com/s/files/1/2652/6224/products/1_c32ceaf9-c505-48ed-ba66-13477f3289ef_900x.jpg?v=1580632101","$58.95","https://99shirt.com/products/bad-ending-jealous-seat-covers?_pos=1&_sid=27c38b115&_ss=r,/products/bad-ending-jealous-seat-covers?_pos=1&_sid=27c38b115&_ss=r,/products/bad-ending-jealous-seat-covers?_pos=1&_sid=27c38b115&_ss=r"
"Katsuki Bakugo & Bad Badtz-Maru Pillow Covers","http://cdn.shopify.com/s/files/1/2652/6224/products/10230_0_0x2_8b155657-e18c-4e74-9a0d-e77d429b6407_900x.jpg?v=1560240830","$14.95","https://99shirt.com/products/katsuki-bakugo-bad-badtz-maru-pillow-covers?_pos=2&_sid=27c38b115&_ss=r,/products/katsuki-bakugo-bad-badtz-maru-pillow-covers?_pos=2&_sid=27c38b115&_ss=r,/products/katsuki-bakugo-bad-badtz-maru-pillow-covers?_pos=2&_sid=27c38b115&_ss=r"
"Bad Ending Jealous Bloody Seat Covers","http://cdn.shopify.com/s/files/1/2652/6224/products/2_6aab25d6-e7b0-46c1-bc00-4d1591d5e7ed_900x.jpg?v=1580632095","$58.95","https://99shirt.com/products/bad-ending-jealous-bloody-seat-covers?_pos=3&_sid=27c38b115&_ss=r,/products/bad-ending-jealous-bloody-seat-covers?_pos=3&_sid=27c38b115&_ss=r,/products/bad-ending-jealous-bloody-seat-covers?_pos=3&_sid=27c38b115&_ss=r"
"Walter Jesse The Breaking Bad Sun Shade","http://cdn.shopify.com/s/files/1/2652/6224/products/front_1_943ffe1b-6369-4c24-8def-e52f4bc99292_900x.jpg?v=1566794411","$44.95","https://99shirt.com/products/walter-jesse-the-breaking-bad-sun-shade?_pos=4&_sid=27c38b115&_ss=r,/products/walter-jesse-the-breaking-bad-sun-shade?_pos=4&_sid=27c38b115&_ss=r,/products/walter-jesse-the-breaking-bad-sun-shade?_pos=4&_sid=27c38b115&_ss=r"
"Razor Ramon The Bad Guy Seat Cover","http://cdn.shopify.com/s/files/1/2652/6224/products/front_1_1afd1710-e7ca-41d6-ba81-60ea80a24d02_900x.jpg?v=1599744747","$49.95","https://99shirt.com/products/razor-ramon-the-bad-guy-seat-cover?_pos=5&_sid=27c38b115&_ss=r,/products/razor-ramon-the-bad-guy-seat-cover?_pos=5&_sid=27c38b115&_ss=r,/products/razor-ramon-the-bad-guy-seat-cover?_pos=5&_sid=27c38b115&_ss=r"
"2020 Very Bad Would Not Recommend Seat Cover","http://cdn.shopify.com/s/files/1/2652/6224/products/front_1_49cfe7fd-7c99-48c0-bcc3-cf6f222fe67a_900x.jpg?v=1603550175","$49.95","https://99shirt.com/products/2020-very-bad-would-not-recommend-seat-cover?_pos=6&_sid=27c38b115&_ss=r,/products/2020-very-bad-would-not-recommend-seat-cover?_pos=6&_sid=27c38b115&_ss=r,/products/2020-very-bad-would-not-recommend-seat-cover?_pos=6&_sid=27c38b115&_ss=r"
"Breaking Bad Blue Bedding Set","http://cdn.shopify.com/s/files/1/2652/6224/products/Breaking_Bad_Blue_Bedding_Set_900x.jpg?v=1599016506","$59.95$129.95$129.95","https://99shirt.com/products/breaking-bad-blue-bedding-set?_pos=7&_sid=27c38b115&_ss=r,/products/breaking-bad-blue-bedding-set?_pos=7&_sid=27c38b115&_ss=r,/products/breaking-bad-blue-bedding-set?_pos=7&_sid=27c38b115&_ss=r"
"Bad Badtz Maru Ugly Christmas noel socks - perfect christmas gift","http://cdn.shopify.com/s/files/1/2652/6224/products/10230_0_0x2_bebe712a-d9fa-4f0f-9713-ab1ebae4c9fa_900x.jpg?v=1601704506","$14.95","https://99shirt.com/products/bad-badtz-maru-ugly-christmas-noel-socks-perfect-christmas-gift?_pos=8&_sid=27c38b115&_ss=r,/products/bad-badtz-maru-ugly-christmas-noel-socks-perfect-christmas-gift?_pos=8&_sid=27c38b115&_ss=r,/products/bad-badtz-maru-ugly-christmas-noel-socks-perfect-christmas-gift?_pos=8&_sid=27c38b115&_ss=r"
"BREAKING BAD TWO FACES BEDDING SET","http://cdn.shopify.com/s/files/1/2652/6224/products/BREAKING_BAD_TWO_FACES_BEDDING_SET_900x.jpg?v=1599016510","$59.95$129.95$129.95","https://99shirt.com/products/breaking-bad-two-faces-bedding-set?_pos=9&_sid=27c38b115&_ss=r,/products/breaking-bad-two-faces-bedding-set?_pos=9&_sid=27c38b115&_ss=r,/products/breaking-bad-two-faces-bedding-set?_pos=9&_sid=27c38b115&_ss=r"
"Joker Bad Guys Car Floor Mats","http://cdn.shopify.com/s/files/1/2652/6224/products/front_1_1024x1024_2x_9c8f2bed-47fd-477e-ac89-6c324c511c0f_900x.jpg?v=1582273191","$77.95","https://99shirt.com/products/joker-bad-guys-car-floor-mats?_pos=10&_sid=27c38b115&_ss=r,/products/joker-bad-guys-car-floor-mats?_pos=10&_sid=27c38b115&_ss=r,/products/joker-bad-guys-car-floor-mats?_pos=10&_sid=27c38b115&_ss=r"
"2020 Review Very Bad Would Not Recommend 1 Star Rating 2020 Hat","http://cdn.shopify.com/s/files/1/2652/6224/products/front_1_efaa1c97-26b9-4044-9486-ecb1bd901048_900x.jpg?v=1603550137","$34.95","https://99shirt.com/products/2020-review-very-bad-would-not-recommend-1-star-rating-2020-hat-2?_pos=11&_sid=27c38b115&_ss=r,/products/2020-review-very-bad-would-not-recommend-1-star-rating-2020-hat-2?_pos=11&_sid=27c38b115&_ss=r,/products/2020-review-very-bad-would-not-recommend-1-star-rating-2020-hat-2?_pos=11&_sid=27c38b115&_ss=r"
"Walter Jesse The Breaking Bad Auto Sun Shades amazing best gift ideas 2021","http://cdn.shopify.com/s/files/1/2652/6224/products/front_1_b2606298-dba7-4321-9c2d-d7eee9a78f50_900x.jpg?v=1603554082","$29.95$49.95$49.95","https://99shirt.com/products/walter-jesse-the-breaking-bad-auto-sun-shades?_pos=12&_sid=27c38b115&_ss=r,/products/walter-jesse-the-breaking-bad-auto-sun-shades?_pos=12&_sid=27c38b115&_ss=r,/products/walter-jesse-the-breaking-bad-auto-sun-shades?_pos=12&_sid=27c38b115&_ss=r"
"Outdoor Adventure Camping Bad Camping Custom Hoodie - Amazing Gift idea","http://cdn.shopify.com/s/files/1/2652/6224/products/1_2_2000x_82ac155e-9fdd-4a53-bf8a-5e9ff32272c4_900x.png?v=1611547523","$49.95$79.95$79.95","https://99shirt.com/products/outdoor-adventure-camping-bad-camping-custom-hoodie-amazing-gift-idea?_pos=13&_sid=27c38b115&_ss=r,/products/outdoor-adventure-camping-bad-camping-custom-hoodie-amazing-gift-idea?_pos=13&_sid=27c38b115&_ss=r,/products/outdoor-adventure-camping-bad-camping-custom-hoodie-amazing-gift-idea?_pos=13&_sid=27c38b115&_ss=r"
"Breaking Bad Area Rug - Floor Rug - Movie Home Decor - HomeBeautyUS","http://cdn.shopify.com/s/files/1/2652/6224/products/regular_35cd4dca-14c5-41a7-bf25-d59557ba8ff7_900x.jpg?v=1598139535","$62.95$99.00$99.00","https://99shirt.com/products/breaking-bad-area-rug-floor-rug-movie-home-decor-homebeautyus?_pos=14&_sid=27c38b115&_ss=r,/products/breaking-bad-area-rug-floor-rug-movie-home-decor-homebeautyus?_pos=14&_sid=27c38b115&_ss=r,/products/breaking-bad-area-rug-floor-rug-movie-home-decor-homebeautyus?_pos=14&_sid=27c38b115&_ss=r"
"wildlife JOY OF Camping Bad Camping Custom Hoodie - Amazing Gift idea","http://cdn.shopify.com/s/files/1/2652/6224/products/Hoodie_front_2000x_77814047-7851-414c-aa9d-190541d356a0_900x.jpg?v=1611547677","$49.95$79.95$79.95","https://99shirt.com/products/wildlife-joy-of-camping-bad-camping-custom-hoodie-amazing-gift-idea?_pos=15&_sid=27c38b115&_ss=r,/products/wildlife-joy-of-camping-bad-camping-custom-hoodie-amazing-gift-idea?_pos=15&_sid=27c38b115&_ss=r,/products/wildlife-joy-of-camping-bad-camping-custom-hoodie-amazing-gift-idea?_pos=15&_sid=27c38b115&_ss=r"
"Let's be adventurers Camping Bad Camping Custom Hoodie - Amazing Gift idea","http://cdn.shopify.com/s/files/1/2652/6224/products/1_2000x_16835690-9438-41d5-bda1-c545a64d4e6f_900x.png?v=1611547407","$49.95$79.95$79.95","https://99shirt.com/products/lets-be-adventurers-camping-bad-camping-custom-hoodie-amazing-gift-idea?_pos=16&_sid=27c38b115&_ss=r,/products/lets-be-adventurers-camping-bad-camping-custom-hoodie-amazing-gift-idea?_pos=16&_sid=27c38b115&_ss=r,/products/lets-be-adventurers-camping-bad-camping-custom-hoodie-amazing-gift-idea?_pos=16&_sid=27c38b115&_ss=r"
"Outdoor Adventure 2 Camping Bad Camping Custom Hoodie - Amazing Gift idea","http://cdn.shopify.com/s/files/1/2652/6224/products/1_2_2000x_23fc1551-f516-4a97-b29e-0f86110568aa_900x.png?v=1611547588","$49.95$79.95$79.95","https://99shirt.com/products/outdoor-adventure-2-camping-bad-camping-custom-hoodie-amazing-gift-idea?_pos=17&_sid=27c38b115&_ss=r,/products/outdoor-adventure-2-camping-bad-camping-custom-hoodie-amazing-gift-idea?_pos=17&_sid=27c38b115&_ss=r,/products/outdoor-adventure-2-camping-bad-camping-custom-hoodie-amazing-gift-idea?_pos=17&_sid=27c38b115&_ss=r"
"The Good The Bad And The Ugly Area Rug - Home Decor - Bedroom Living Room Decor","http://cdn.shopify.com/s/files/1/2652/6224/products/The_good_the_bad_and_the_ugly-0710-11-v-min_900x.png?v=1598517517","$62.95$99.00$99.00","https://99shirt.com/products/the-good-the-bad-and-the-ugly-rug-mat-all-over-print?_pos=18&_sid=27c38b115&_ss=r,/products/the-good-the-bad-and-the-ugly-rug-mat-all-over-print?_pos=18&_sid=27c38b115&_ss=r,/products/the-good-the-bad-and-the-ugly-rug-mat-all-over-print?_pos=18&_sid=27c38b115&_ss=r"
"Bad Religion - Monkey Rug / Area Rug - Music Floor Rug Home Decor - Homebeautyus","http://cdn.shopify.com/s/files/1/2652/6224/products/regular_bf9d16ec-17c5-4748-b030-223d9394b65e_900x.jpg?v=1597963633","$62.95$99.00$99.00","https://99shirt.com/products/bad-religion-monkey-rug-area-rug-music-floor-rug-home-decor-homebeautyus?_pos=19&_sid=27c38b115&_ss=r,/products/bad-religion-monkey-rug-area-rug-music-floor-rug-home-decor-homebeautyus?_pos=19&_sid=27c38b115&_ss=r,/products/bad-religion-monkey-rug-area-rug-music-floor-rug-home-decor-homebeautyus?_pos=19&_sid=27c38b115&_ss=r"
"Ugly Christmas Melting Snow Man Camping Bad Camping Custom Hoodie - Amazing Gift idea","http://cdn.shopify.com/s/files/1/2652/6224/products/ugly-christmas-melting-snow-man-camping-bad-idea-hoodie-t-shirts-apparel-hd-ta3011194-3d-custom-fleece-hoodies-hoodie-s-581831_2000x_976ce065-398d-4418-9f5c-f7d1cdff422f_900x.jpg?v=1611547332","$49.95$79.95$79.95","https://99shirt.com/products/ugly-christmas-melting-snow-man-camping-bad-camping-custom-hoodie-amazing-gift-idea?_pos=20&_sid=27c38b115&_ss=r,/products/ugly-christmas-melting-snow-man-camping-bad-camping-custom-hoodie-amazing-gift-idea?_pos=20&_sid=27c38b115&_ss=r,/products/ugly-christmas-melting-snow-man-camping-bad-camping-custom-hoodie-amazing-gift-idea?_pos=20&_sid=27c38b115&_ss=r"
"Gearhuman 3D Breaking Bad Season Custom Car Auto Sunshade amazing best gift ideas 2021","http://cdn.shopify.com/s/files/1/2652/6224/products/1_1024x1024_e3c0e579-33b2-4871-82c2-4b82b49f5fb2_900x.jpg?v=1603627063","$29.95$49.95$49.95","https://99shirt.com/products/gearhuman-3d-breaking-bad-season-custom-car-auto-sunshade?_pos=21&_sid=27c38b115&_ss=r,/products/gearhuman-3d-breaking-bad-season-custom-car-auto-sunshade?_pos=21&_sid=27c38b115&_ss=r,/products/gearhuman-3d-breaking-bad-season-custom-car-auto-sunshade?_pos=21&_sid=27c38b115&_ss=r"
"Popeye Badass Umbrella","http://cdn.shopify.com/s/files/1/2652/6224/products/front_1_2bc34b53-f647-423f-b9cf-916394f7760e_900x.jpg?v=1566123570","$42.95","https://99shirt.com/products/popeye-badass-umbrella?_pos=22&_sid=27c38b115&_ss=r,/products/popeye-badass-umbrella?_pos=22&_sid=27c38b115&_ss=r,/products/popeye-badass-umbrella?_pos=22&_sid=27c38b115&_ss=r"
"Popeye Badass Seat Covers","http://cdn.shopify.com/s/files/1/2652/6224/products/popeye-badass-seat-cover_mc_900x.jpg?v=1580635555","$49.95$99.95$99.95","https://99shirt.com/products/popeye-badass-seat-covers?_pos=23&_sid=27c38b115&_ss=r,/products/popeye-badass-seat-covers?_pos=23&_sid=27c38b115&_ss=r,/products/popeye-badass-seat-covers?_pos=23&_sid=27c38b115&_ss=r"
"Superman Badass Seat Covers","http://cdn.shopify.com/s/files/1/2652/6224/products/superman-badass-Seat-Covers_mc_900x.jpg?v=1580634054","$49.95$99.95$99.95","https://99shirt.com/products/superman-badass-seat-covers?_pos=24&_sid=27c38b115&_ss=r,/products/superman-badass-seat-covers?_pos=24&_sid=27c38b115&_ss=r,/products/superman-badass-seat-covers?_pos=24&_sid=27c38b115&_ss=r"
"Popeye Badass Seat Cover","http://cdn.shopify.com/s/files/1/2652/6224/products/16_6eb57a2c-85f6-4dcc-8b04-5c6e34dd1ea5_900x.jpg?v=1564543287","$49.95$99.95$99.95","https://99shirt.com/products/popeye-badass-seat-cover?_pos=25&_sid=27c38b115&_ss=r,/products/popeye-badass-seat-cover?_pos=25&_sid=27c38b115&_ss=r,/products/popeye-badass-seat-cover?_pos=25&_sid=27c38b115&_ss=r"
"Green Lantern Badass Seat Covers","http://cdn.shopify.com/s/files/1/2652/6224/products/green-lantern-badass-Seat-Covers_mc_900x.jpg?v=1580634435","$49.95$99.95$99.95","https://99shirt.com/products/green-lantern-badass-seat-covers?_pos=26&_sid=27c38b115&_ss=r,/products/green-lantern-badass-seat-covers?_pos=26&_sid=27c38b115&_ss=r,/products/green-lantern-badass-seat-covers?_pos=26&_sid=27c38b115&_ss=r"
"Green Lantern Badass Seat Cover","http://cdn.shopify.com/s/files/1/2652/6224/products/16_cb685396-01c9-4ab0-acea-ea70d3cf0b0a_900x.jpg?v=1567226446","$49.95$99.95$99.95","https://99shirt.com/products/green-lantern-badass-seat-cover?_pos=27&_sid=27c38b115&_ss=r,/products/green-lantern-badass-seat-cover?_pos=27&_sid=27c38b115&_ss=r,/products/green-lantern-badass-seat-cover?_pos=27&_sid=27c38b115&_ss=r"
"Lion Badass Luggage Covers","http://cdn.shopify.com/s/files/1/2652/6224/products/lion-badass-luggage-covers-animal-99shirt_192_900x.jpg?v=1531389186","$26.95$36.95$36.95","https://99shirt.com/products/lion-badass-luggage-covers?_pos=28&_sid=27c38b115&_ss=r,/products/lion-badass-luggage-covers?_pos=28&_sid=27c38b115&_ss=r,/products/lion-badass-luggage-covers?_pos=28&_sid=27c38b115&_ss=r"
"Darth Vader Star Wars Badass Sun Shade","http://cdn.shopify.com/s/files/1/2652/6224/products/front_1_3b1bf99a-1c77-424f-9308-ec1de99e8e61_900x.jpg?v=1563441136","$49.95$74.95$74.95","https://99shirt.com/products/darth-vader-star-wars-badass-sun-shade?_pos=29&_sid=27c38b115&_ss=r,/products/darth-vader-star-wars-badass-sun-shade?_pos=29&_sid=27c38b115&_ss=r,/products/darth-vader-star-wars-badass-sun-shade?_pos=29&_sid=27c38b115&_ss=r"
"Lion Badass Car Seat Covers - Amazing Best Gift Idea","http://cdn.shopify.com/s/files/1/2652/6224/products/lion-badass-car-seat-covers-99shirt_512_900x.jpg?v=1598522966","$49.95$99.95$99.95","https://99shirt.com/products/lion-badass-car-seat-covers?_pos=30&_sid=27c38b115&_ss=r,/products/lion-badass-car-seat-covers?_pos=30&_sid=27c38b115&_ss=r,/products/lion-badass-car-seat-covers?_pos=30&_sid=27c38b115&_ss=r"
"Lion Badass Car Seat Covers - Amazing Best Gift Idea","http://cdn.shopify.com/s/files/1/2652/6224/products/front_1_fd629484-c11d-476a-9078-c65edba4d602_900x.jpg?v=1598521368","$49.95$99.95$99.95","https://99shirt.com/products/lion-badass-car-seat-covers-1?_pos=31&_sid=27c38b115&_ss=r,/products/lion-badass-car-seat-covers-1?_pos=31&_sid=27c38b115&_ss=r,/products/lion-badass-car-seat-covers-1?_pos=31&_sid=27c38b115&_ss=r"
"Goblin Slayer Goblin'S Crown Badass Car Seat 2020","http://cdn.shopify.com/s/files/1/2652/6224/products/front_1_9126cea7-754f-40e4-bf59-2c8de087b286_900x.jpg?v=1580421449","$49.95$99.95$99.95","https://99shirt.com/products/goblin-slayer-goblins-crown-badass-car-seat-2020?_pos=32&_sid=27c38b115&_ss=r,/products/goblin-slayer-goblins-crown-badass-car-seat-2020?_pos=32&_sid=27c38b115&_ss=r,/products/goblin-slayer-goblins-crown-badass-car-seat-2020?_pos=32&_sid=27c38b115&_ss=r"
"The Witcher Badass Car Seat Covers - Amazing Best Gift Idea","http://cdn.shopify.com/s/files/1/2652/6224/products/the_witcher_badass-car-seat-covers_mc_900x.jpg?v=1598521564","$49.95$99.95$99.95","https://99shirt.com/products/the-witcher-badass-car-seat-covers?_pos=33&_sid=27c38b115&_ss=r,/products/the-witcher-badass-car-seat-covers?_pos=33&_sid=27c38b115&_ss=r,/products/the-witcher-badass-car-seat-covers?_pos=33&_sid=27c38b115&_ss=r"
"Badkidmirah driving and almost crashes Car auto Sun Shade","http://cdn.shopify.com/s/files/1/2652/6224/products/front_1_8d61ca3c-5886-4f66-971e-f7a4c2a44b6a_900x.jpg?v=1614928234","$29.95","https://99shirt.com/products/badkidmirah-driving-and-almost-crashes-car-auto-sun-shade?_pos=34&_sid=27c38b115&_ss=r,/products/badkidmirah-driving-and-almost-crashes-car-auto-sun-shade?_pos=34&_sid=27c38b115&_ss=r,/products/badkidmirah-driving-and-almost-crashes-car-auto-sun-shade?_pos=34&_sid=27c38b115&_ss=r"
"One Piece Badass Auto Sun Shades amazing best gift ideas 2021","http://cdn.shopify.com/s/files/1/2652/6224/products/front_1_8e9f520f-7327-4092-8c76-6753d079b0de_900x.jpg?v=1560413149","$29.95$49.95$49.95","https://99shirt.com/products/one-piece-badass-auto-sun-shades?_pos=35&_sid=27c38b115&_ss=r,/products/one-piece-badass-auto-sun-shades?_pos=35&_sid=27c38b115&_ss=r,/products/one-piece-badass-auto-sun-shades?_pos=35&_sid=27c38b115&_ss=r"
"Ugly Christmas Honey Badger noel socks - perfect christmas gift","http://cdn.shopify.com/s/files/1/2652/6224/products/10230_0_0x2_45b693fd-cc88-4dbe-bb74-10eaf1f7a0c8_900x.jpg?v=1601703792","$14.95","https://99shirt.com/products/ugly-christmas-honey-badger-noel-socks-perfect-christmas-gift?_pos=36&_sid=27c38b115&_ss=r,/products/ugly-christmas-honey-badger-noel-socks-perfect-christmas-gift?_pos=36&_sid=27c38b115&_ss=r,/products/ugly-christmas-honey-badger-noel-socks-perfect-christmas-gift?_pos=36&_sid=27c38b115&_ss=r"
"Badass Saitama One Punch Man Anime Manga Car Seat Covers","http://cdn.shopify.com/s/files/1/2652/6224/products/front_1_369960ed-caff-4bbf-a370-ad5e0a45355d_900x.jpg?v=1609585351","$49.95","https://99shirt.com/products/badass-saitama-one-punch-man-anime-manga-car-seat-covers?_pos=37&_sid=27c38b115&_ss=r,/products/badass-saitama-one-punch-man-anime-manga-car-seat-covers?_pos=37&_sid=27c38b115&_ss=r,/products/badass-saitama-one-punch-man-anime-manga-car-seat-covers?_pos=37&_sid=27c38b115&_ss=r"
"Badass Genos One Punch Man Anime Manga Car Seat Covers","http://cdn.shopify.com/s/files/1/2652/6224/products/front_1_939ce421-eaa1-44ea-bb52-f6b29be87e2a_900x.jpg?v=1609585004","$49.95","https://99shirt.com/products/badass-genos-one-punch-man-anime-manga-car-seat-covers?_pos=38&_sid=27c38b115&_ss=r,/products/badass-genos-one-punch-man-anime-manga-car-seat-covers?_pos=38&_sid=27c38b115&_ss=r,/products/badass-genos-one-punch-man-anime-manga-car-seat-covers?_pos=38&_sid=27c38b115&_ss=r"
"Ugly Christmas Honey Badger 2 noel socks - perfect christmas gift","http://cdn.shopify.com/s/files/1/2652/6224/products/10230_0_0x2_ef517a72-af4b-4443-a74b-a28fd1e979bd_900x.jpg?v=1601703796","$14.95","https://99shirt.com/products/ugly-christmas-honey-badger-2-noel-socks-perfect-christmas-gift?_pos=39&_sid=27c38b115&_ss=r,/products/ugly-christmas-honey-badger-2-noel-socks-perfect-christmas-gift?_pos=39&_sid=27c38b115&_ss=r,/products/ugly-christmas-honey-badger-2-noel-socks-perfect-christmas-gift?_pos=39&_sid=27c38b115&_ss=r"
"Badass Saitama Art One Punch Man Anime Manga Car Seat Covers","http://cdn.shopify.com/s/files/1/2652/6224/products/front_1_6c8cc2a0-b1c8-402d-9abc-041bbe5252dc_900x.jpg?v=1609585190","$49.95","https://99shirt.com/products/badass-saitama-art-one-punch-man-anime-manga-car-seat-covers?_pos=40&_sid=27c38b115&_ss=r,/products/badass-saitama-art-one-punch-man-anime-manga-car-seat-covers?_pos=40&_sid=27c38b115&_ss=r,/products/badass-saitama-art-one-punch-man-anime-manga-car-seat-covers?_pos=40&_sid=27c38b115&_ss=r"
"Darth Vader Star Wars Badass Auto Sun Shades amazing best gift ideas 2021","http://cdn.shopify.com/s/files/1/2652/6224/products/front_1_595ef2eb-144d-4299-9e22-9f541ca4e3a5_900x.jpg?v=1603553517","$29.95$49.95$49.95","https://99shirt.com/products/darth-vader-star-wars-badass-auto-sun-shades?_pos=41&_sid=27c38b115&_ss=r,/products/darth-vader-star-wars-badass-auto-sun-shades?_pos=41&_sid=27c38b115&_ss=r,/products/darth-vader-star-wars-badass-auto-sun-shades?_pos=41&_sid=27c38b115&_ss=r"
"Badass Ban The Seven Deadly Sins Car Seat Covers Gift For Fan Anime","http://cdn.shopify.com/s/files/1/2652/6224/products/front_1_25c47093-ff00-4ccd-8121-61184575da9f_900x.jpg?v=1609485312","$49.95","https://99shirt.com/products/badass-ban-the-seven-deadly-sins-car-seat-covers-gift-for-fan-anime?_pos=42&_sid=27c38b115&_ss=r,/products/badass-ban-the-seven-deadly-sins-car-seat-covers-gift-for-fan-anime?_pos=42&_sid=27c38b115&_ss=r,/products/badass-ban-the-seven-deadly-sins-car-seat-covers-gift-for-fan-anime?_pos=42&_sid=27c38b115&_ss=r"
"Popeye Badas Carpet","http://cdn.shopify.com/s/files/1/2652/6224/products/27_7108bdfe-40b0-4d40-8c2d-d23490f53631_900x.jpg?v=1574345071","$77.00$99.95$99.95","https://99shirt.com/products/popeye-badas-carpet?_pos=43&_sid=27c38b115&_ss=r,/products/popeye-badas-carpet?_pos=43&_sid=27c38b115&_ss=r,/products/popeye-badas-carpet?_pos=43&_sid=27c38b115&_ss=r"
"Badminton TL3009003M Rug","http://cdn.shopify.com/s/files/1/2652/6224/products/regular_d85e3e88-2a0a-4915-84c8-76d03054ba33_900x.jpg?v=1598227761","$62.95$99.00$99.00","https://99shirt.com/products/badminton-tl3009003m-rug?_pos=44&_sid=27c38b115&_ss=r,/products/badminton-tl3009003m-rug?_pos=44&_sid=27c38b115&_ss=r,/products/badminton-tl3009003m-rug?_pos=44&_sid=27c38b115&_ss=r"
"Badminton TL3009009M Rug","http://cdn.shopify.com/s/files/1/2652/6224/products/regular_6c821d0d-70f1-4a1c-97f0-01c84a3021ff_900x.jpg?v=1597962978","$62.95$99.00$99.00","https://99shirt.com/products/badminton-tl3009009m-rug?_pos=45&_sid=27c38b115&_ss=r,/products/badminton-tl3009009m-rug?_pos=45&_sid=27c38b115&_ss=r,/products/badminton-tl3009009m-rug?_pos=45&_sid=27c38b115&_ss=r"
"Badminton TL3009007M Rug","http://cdn.shopify.com/s/files/1/2652/6224/products/regular_d1e3b5e9-80dd-43d4-ab02-814794edc33c_900x.jpg?v=1597962824","$62.95$99.00$99.00","https://99shirt.com/products/badminton-tl3009007m-rug?_pos=46&_sid=27c38b115&_ss=r,/products/badminton-tl3009007m-rug?_pos=46&_sid=27c38b115&_ss=r,/products/badminton-tl3009007m-rug?_pos=46&_sid=27c38b115&_ss=r"
"Badminton TL3009005M Rug","http://cdn.shopify.com/s/files/1/2652/6224/products/regular_41c4f984-715b-4870-baa3-307fc2aa93dc_900x.jpg?v=1597608588","$62.95$99.00$99.00","https://99shirt.com/products/badminton-tl3009005m-rug?_pos=47&_sid=27c38b115&_ss=r,/products/badminton-tl3009005m-rug?_pos=47&_sid=27c38b115&_ss=r,/products/badminton-tl3009005m-rug?_pos=47&_sid=27c38b115&_ss=r"
"Badminton CG280806M Rug","http://cdn.shopify.com/s/files/1/2652/6224/products/regular_4c62e198-edd2-4d9c-836b-0b238b65e8c2_900x.jpg?v=1597251141","$62.95$99.00$99.00","https://99shirt.com/products/badminton-cg280806m-rug?_pos=48&_sid=27c38b115&_ss=r,/products/badminton-cg280806m-rug?_pos=48&_sid=27c38b115&_ss=r,/products/badminton-cg280806m-rug?_pos=48&_sid=27c38b115&_ss=r"